-- phpMyAdmin SQL Dump
-- version 5.2.1
-- https://www.phpmyadmin.net/
--
-- Host: 127.0.0.1
-- Generation Time: Nov 22, 2023 at 04:12 PM
-- Server version: 10.4.28-MariaDB
-- PHP Version: 8.2.4

SET SQL_MODE = "NO_AUTO_VALUE_ON_ZERO";
START TRANSACTION;
SET time_zone = "+00:00";


/*!40101 SET @OLD_CHARACTER_SET_CLIENT=@@CHARACTER_SET_CLIENT */;
/*!40101 SET @OLD_CHARACTER_SET_RESULTS=@@CHARACTER_SET_RESULTS */;
/*!40101 SET @OLD_COLLATION_CONNECTION=@@COLLATION_CONNECTION */;
/*!40101 SET NAMES utf8mb4 */;

--
-- Database: `pharmacy_db`
--

-- --------------------------------------------------------

--
-- Table structure for table `alternatives`
--

CREATE TABLE `alternatives` (
  `Alt_id` int(11) NOT NULL,
  `Drug_id` int(11) NOT NULL,
  `Alt_name` varchar(300) NOT NULL,
  `Alt_description` varchar(500) NOT NULL
) ENGINE=InnoDB DEFAULT CHARSET=utf8mb4 COLLATE=utf8mb4_general_ci;

--
-- Dumping data for table `alternatives`
--

INSERT INTO `alternatives` (`Alt_id`, `Drug_id`, `Alt_name`, `Alt_description`) VALUES
(1, 5, 'Paracetamol', 'Paracetamol can be used as a alternative drug for panadol'),
(2, 10, 'Clindamycin', 'Clindamycin can be used as alternative drug for Cephalexin.');

-- --------------------------------------------------------

--
-- Table structure for table `dispatch_date`
--

CREATE TABLE `dispatch_date` (
  `delivery_id` int(11) NOT NULL,
  `rep_id` int(11) NOT NULL,
  `phar_id` int(11) NOT NULL,
  `next_dispatch` varchar(50) NOT NULL
) ENGINE=InnoDB DEFAULT CHARSET=utf8mb4 COLLATE=utf8mb4_general_ci;

--
-- Dumping data for table `dispatch_date`
--

INSERT INTO `dispatch_date` (`delivery_id`, `rep_id`, `phar_id`, `next_dispatch`) VALUES
(1, 1, 3, '8/16/2022'),
(2, 1, 3, '8/10/2022'),
(3, 0, 3, '8/17/2022'),
(4, 1, 3, '8/24/2022'),
(5, 1, 9, '11/24/2023');

-- --------------------------------------------------------

--
-- Table structure for table `drugs`
--

CREATE TABLE `drugs` (
  `drug_id` int(3) NOT NULL,
  `drug_name` varchar(100) NOT NULL,
  `brand` varchar(100) NOT NULL,
  `phar_id` int(11) NOT NULL,
  `quantity` int(100) NOT NULL
) ENGINE=InnoDB DEFAULT CHARSET=utf8mb4 COLLATE=utf8mb4_general_ci;

--
-- Dumping data for table `drugs`
--

INSERT INTO `drugs` (`drug_id`, `drug_name`, `brand`, `phar_id`, `quantity`) VALUES
(5, 'Panadol', 'FCC', 3, 1000),
(7, 'Panadol', 'gsk', 4, 60),
(8, 'Citrazine', 'gsk', 2, 78),
(10, 'Cephalexin', 'gsk', 2, 93),
(11, 'Piriton', 'spc', 4, 96),
(12, 'vitaminc', 'spc', 4, 9),
(13, 'Panadol', 'SPC', 9, 250),
(14, 'Panadol', 'SPC', 3, 4500),
(15, 'Panadol', 'SPC', 9, 1200);

-- --------------------------------------------------------

--
-- Table structure for table `login`
--

CREATE TABLE `login` (
  `login_id` int(11) NOT NULL,
  `email` varchar(100) NOT NULL,
  `usertype` varchar(20) NOT NULL,
  `username` varchar(20) NOT NULL,
  `password` varchar(20) NOT NULL
) ENGINE=InnoDB DEFAULT CHARSET=utf8mb4 COLLATE=utf8mb4_general_ci;

--
-- Dumping data for table `login`
--

INSERT INTO `login` (`login_id`, `email`, `usertype`, `username`, `password`) VALUES
(1, 'admin@gmail.com', 'Admin', 'admin', '1234@1234'),
(7, 'sandikadass@gmail.com', 'Pharmacist', 'sandika', 'password'),
(8, 'sdsilva@gmail.com', 'Sales Rep', 'subhashi', 'password'),
(9, 'chamod@gmail.com', 'Customer', 'chamod', '1234@1234'),
(10, 'danilka@123', 'Pharmacist', 'danilka', 'password'),
(11, 'chasanka@123', 'Sales Rep', 'chamith', 'password'),
(12, 'danilka@345', 'Pharmacist', 'danilka', 'password'),
(13, 'kamal@gmail.com', 'Pharmacist', 'kamal', '3429'),
(14, 'sand@gmail.com', 'Sales Rep', 'sand123', '7890'),
(15, 'chamod@gmail.com', 'Customer', 'chamod', 'password'),
(16, 'danilka@yahoo.com', 'Pharmacist', 'danilka', 'password'),
(17, 'sd@gmail.com', 'Sales Rep', 'subha', 'password'),
(18, 'din@gmail.com', 'Sales Rep', 'sandika', 'password'),
(19, 'chamod@gmail.com', 'Pharmacist', 'Chamod', '1234'),
(20, 'dilpa@gmail.com', 'Customer', 'dilpa', '1234'),
(21, 'chamod@gmail.com', 'Pharmacist', 'Chamod', '1234@1234'),
(22, 'sandika@gmail.com', 'Sales Rep', 'sandika', '1234@1234'),
(23, 'chamod@gmail.com', 'Customer', 'Chamod98', '1234@1234');

-- --------------------------------------------------------

--
-- Table structure for table `pharmacist`
--

CREATE TABLE `pharmacist` (
  `pharmacist_id` int(11) NOT NULL,
  `F_name` varchar(100) NOT NULL,
  `L_name` varchar(100) NOT NULL,
  `email` varchar(100) NOT NULL,
  `pharmacy` int(10) NOT NULL,
  `contact` varchar(15) NOT NULL
) ENGINE=InnoDB DEFAULT CHARSET=utf8mb4 COLLATE=utf8mb4_general_ci;

--
-- Dumping data for table `pharmacist`
--

INSERT INTO `pharmacist` (`pharmacist_id`, `F_name`, `L_name`, `email`, `pharmacy`, `contact`) VALUES
(7, 'Chamod', 'Gunarathna', 'chamod@gmail.com', 9, '0711234567');

-- --------------------------------------------------------

--
-- Table structure for table `pharmacy`
--

CREATE TABLE `pharmacy` (
  `Id` int(11) NOT NULL,
  `phar_name` varchar(200) NOT NULL,
  `District` varchar(100) NOT NULL,
  `Contact` int(20) NOT NULL,
  `Address` varchar(500) NOT NULL
) ENGINE=InnoDB DEFAULT CHARSET=utf8mb4 COLLATE=utf8mb4_general_ci;

--
-- Dumping data for table `pharmacy`
--

INSERT INTO `pharmacy` (`Id`, `phar_name`, `District`, `Contact`, `Address`) VALUES
(1, 'New pharmacy', 'Kurunegala', 896325874, '765,Main street,Kurunegala'),
(2, 'Life care', 'Monaragala', 789632145, '564/1,Monaragala'),
(3, 'Medi Health', 'Colombo', 728965412, '1st cross street,Colombo'),
(4, 'Trust pharmacy', 'Colombo', 756547896, 'main street,colombo'),
(9, 'Lanka Pharmacy', 'Monaragala', 124545458, 'Monaragala');

-- --------------------------------------------------------

--
-- Table structure for table `sales_rep`
--

CREATE TABLE `sales_rep` (
  `ID` int(11) NOT NULL,
  `Fname` varchar(100) NOT NULL,
  `Lname` varchar(100) NOT NULL,
  `email` varchar(100) NOT NULL,
  `Company` varchar(200) NOT NULL
) ENGINE=InnoDB DEFAULT CHARSET=utf8mb4 COLLATE=utf8mb4_general_ci;

--
-- Dumping data for table `sales_rep`
--

INSERT INTO `sales_rep` (`ID`, `Fname`, `Lname`, `email`, `Company`) VALUES
(1, 'Subhashi', 'de silva', 'sdsilva@gmail.com', 'vendol'),
(6, 'Sandika', 'Dasanayaka', 'sandika@gmail.com', 'SPC');

-- --------------------------------------------------------

--
-- Table structure for table `user`
--

CREATE TABLE `user` (
  `Id` int(11) NOT NULL,
  `Firstname` varchar(100) NOT NULL,
  `Lastname` varchar(100) NOT NULL,
  `Email` varchar(100) NOT NULL,
  `Address` varchar(500) NOT NULL,
  `District` varchar(100) NOT NULL
) ENGINE=InnoDB DEFAULT CHARSET=utf8mb4 COLLATE=utf8mb4_general_ci;

--
-- Dumping data for table `user`
--

INSERT INTO `user` (`Id`, `Firstname`, `Lastname`, `Email`, `Address`, `District`) VALUES
(1, 'chamod', 'gunarathne', 'chamod@gmail.com', 'Monaragala', 'Monaragala'),
(2, 'chamod', 'gunarathne', 'chamod@gmail.com', 'Monaragala', 'Monaragala'),
(3, 'Dilpa', 'Gunarathna', 'dilpa@gmail.com', 'ascd', 'Colombo'),
(4, 'Chamod', 'Gunarathne', 'chamod@gmail.com', 'Badulla', 'Badulla');

--
-- Indexes for dumped tables
--

--
-- Indexes for table `alternatives`
--
ALTER TABLE `alternatives`
  ADD PRIMARY KEY (`Alt_id`),
  ADD KEY `Drug_id` (`Drug_id`);

--
-- Indexes for table `dispatch_date`
--
ALTER TABLE `dispatch_date`
  ADD PRIMARY KEY (`delivery_id`),
  ADD KEY `phar_id` (`phar_id`);

--
-- Indexes for table `drugs`
--
ALTER TABLE `drugs`
  ADD PRIMARY KEY (`drug_id`),
  ADD KEY `phar_id` (`phar_id`);

--
-- Indexes for table `login`
--
ALTER TABLE `login`
  ADD PRIMARY KEY (`login_id`);

--
-- Indexes for table `pharmacist`
--
ALTER TABLE `pharmacist`
  ADD PRIMARY KEY (`pharmacist_id`),
  ADD KEY `pharmacy` (`pharmacy`);

--
-- Indexes for table `pharmacy`
--
ALTER TABLE `pharmacy`
  ADD PRIMARY KEY (`Id`);

--
-- Indexes for table `sales_rep`
--
ALTER TABLE `sales_rep`
  ADD PRIMARY KEY (`ID`);

--
-- Indexes for table `user`
--
ALTER TABLE `user`
  ADD PRIMARY KEY (`Id`);

--
-- AUTO_INCREMENT for dumped tables
--

--
-- AUTO_INCREMENT for table `alternatives`
--
ALTER TABLE `alternatives`
  MODIFY `Alt_id` int(11) NOT NULL AUTO_INCREMENT, AUTO_INCREMENT=3;

--
-- AUTO_INCREMENT for table `dispatch_date`
--
ALTER TABLE `dispatch_date`
  MODIFY `delivery_id` int(11) NOT NULL AUTO_INCREMENT, AUTO_INCREMENT=6;

--
-- AUTO_INCREMENT for table `drugs`
--
ALTER TABLE `drugs`
  MODIFY `drug_id` int(3) NOT NULL AUTO_INCREMENT, AUTO_INCREMENT=16;

--
-- AUTO_INCREMENT for table `login`
--
ALTER TABLE `login`
  MODIFY `login_id` int(11) NOT NULL AUTO_INCREMENT, AUTO_INCREMENT=24;

--
-- AUTO_INCREMENT for table `pharmacist`
--
ALTER TABLE `pharmacist`
  MODIFY `pharmacist_id` int(11) NOT NULL AUTO_INCREMENT, AUTO_INCREMENT=8;

--
-- AUTO_INCREMENT for table `pharmacy`
--
ALTER TABLE `pharmacy`
  MODIFY `Id` int(11) NOT NULL AUTO_INCREMENT, AUTO_INCREMENT=11;

--
-- AUTO_INCREMENT for table `sales_rep`
--
ALTER TABLE `sales_rep`
  MODIFY `ID` int(11) NOT NULL AUTO_INCREMENT, AUTO_INCREMENT=7;

--
-- AUTO_INCREMENT for table `user`
--
ALTER TABLE `user`
  MODIFY `Id` int(11) NOT NULL AUTO_INCREMENT, AUTO_INCREMENT=5;

--
-- Constraints for dumped tables
--

--
-- Constraints for table `alternatives`
--
ALTER TABLE `alternatives`
  ADD CONSTRAINT `alternatives_ibfk_1` FOREIGN KEY (`Drug_id`) REFERENCES `drugs` (`drug_id`);

--
-- Constraints for table `dispatch_date`
--
ALTER TABLE `dispatch_date`
  ADD CONSTRAINT `dispatch_date_ibfk_1` FOREIGN KEY (`phar_id`) REFERENCES `pharmacy` (`Id`);

--
-- Constraints for table `drugs`
--
ALTER TABLE `drugs`
  ADD CONSTRAINT `drugs_ibfk_1` FOREIGN KEY (`phar_id`) REFERENCES `pharmacy` (`Id`);

--
-- Constraints for table `pharmacist`
--
ALTER TABLE `pharmacist`
  ADD CONSTRAINT `pharmacist_ibfk_1` FOREIGN KEY (`pharmacy`) REFERENCES `pharmacy` (`Id`);
COMMIT;

/*!40101 SET CHARACTER_SET_CLIENT=@OLD_CHARACTER_SET_CLIENT */;
/*!40101 SET CHARACTER_SET_RESULTS=@OLD_CHARACTER_SET_RESULTS */;
/*!40101 SET COLLATION_CONNECTION=@OLD_COLLATION_CONNECTION */;